filename,run_number,scenario,preupsample,dataset,model,loss_function,variable,rmse,mae,bias,corr,baseline_rmse,skill
sc1_convnext_mae_pixel_run1_executed.ipynb,1,scenario1-convnext-mae,no-preupsample,2 dataset,ConvNeXt,mae,U10 (m/s),1.3179,1.0083,-0.0837,0.8522,1.2441,-0.0593
sc1_convnext_mae_pixel_run1_executed.ipynb,1,scenario1-convnext-mae,no-preupsample,2 dataset,ConvNeXt,mae,V10 (m/s),1.2686,0.9734,0.0411,0.8344,1.171,-0.0833
sc1_convnext_mae_pixel_run1_executed.ipynb,1,scenario1-convnext-mae,no-preupsample,2 dataset,ConvNeXt,mae,T2m (K),0.7039,0.5672,-0.0127,0.7968,0.8155,0.1369
sc1_convnext_mae_pixel_run1_executed.ipynb,1,scenario1-convnext-mae,no-preupsample,2 dataset,ConvNeXt,mae,TP 24hr (mm),0.0073,0.0041,-0.0002,0.7602,0.0065,-0.1201
sc1_convnext_mae_pixel_run2_executed.ipynb,2,scenario1-convnext-mae,no-preupsample,2 dataset,ConvNeXt,mae,U10 (m/s),1.3137,1.0043,-0.079,0.8528,1.2441,-0.056
sc1_convnext_mae_pixel_run2_executed.ipynb,2,scenario1-convnext-mae,no-preupsample,2 dataset,ConvNeXt,mae,V10 (m/s),1.257,0.9636,0.0266,0.8375,1.171,-0.0735
sc1_convnext_mae_pixel_run2_executed.ipynb,2,scenario1-convnext-mae,no-preupsample,2 dataset,ConvNeXt,mae,T2m (K),0.7009,0.5643,-0.0052,0.799,0.8155,0.1406
sc1_convnext_mae_pixel_run2_executed.ipynb,2,scenario1-convnext-mae,no-preupsample,2 dataset,ConvNeXt,mae,TP 24hr (mm),0.0073,0.004,-0.0001,0.7615,0.0065,-0.1177
sc1_convnext_mae_pixel_run3_executed.ipynb,3,scenario1-convnext-mae,no-preupsample,2 dataset,ConvNeXt,mae,U10 (m/s),1.3046,0.997,0.0194,0.8546,1.2441,-0.0487
sc1_convnext_mae_pixel_run3_executed.ipynb,3,scenario1-convnext-mae,no-preupsample,2 dataset,ConvNeXt,mae,V10 (m/s),1.2612,0.9672,-0.0105,0.8368,1.171,-0.077
sc1_convnext_mae_pixel_run3_executed.ipynb,3,scenario1-convnext-mae,no-preupsample,2 dataset,ConvNeXt,mae,T2m (K),0.6999,0.5645,-0.0333,0.7998,0.8155,0.1417
sc1_convnext_mae_pixel_run3_executed.ipynb,3,scenario1-convnext-mae,no-preupsample,2 dataset,ConvNeXt,mae,TP 24hr (mm),0.0073,0.004,-0.0,0.7629,0.0065,-0.1168
sc1_convnext_mae_pixel_run4_executed.ipynb,4,scenario1-convnext-mae,no-preupsample,2 dataset,ConvNeXt,mae,U10 (m/s),1.3016,0.9954,0.0031,0.8547,1.2441,-0.0462
sc1_convnext_mae_pixel_run4_executed.ipynb,4,scenario1-convnext-mae,no-preupsample,2 dataset,ConvNeXt,mae,V10 (m/s),1.2582,0.965,0.036,0.8373,1.171,-0.0745
sc1_convnext_mae_pixel_run4_executed.ipynb,4,scenario1-convnext-mae,no-preupsample,2 dataset,ConvNeXt,mae,T2m (K),0.6951,0.5592,-0.0118,0.799,0.8155,0.1477
sc1_convnext_mae_pixel_run4_executed.ipynb,4,scenario1-convnext-mae,no-preupsample,2 dataset,ConvNeXt,mae,TP 24hr (mm),0.0073,0.0041,-0.0,0.7621,0.0065,-0.1185
sc1_convnext_mae_pixel_run5_executed.ipynb,5,scenario1-convnext-mae,no-preupsample,2 dataset,ConvNeXt,mae,U10 (m/s),1.3027,0.9947,-0.0029,0.8556,1.2441,-0.0471
sc1_convnext_mae_pixel_run5_executed.ipynb,5,scenario1-convnext-mae,no-preupsample,2 dataset,ConvNeXt,mae,V10 (m/s),1.2547,0.9618,0.0574,0.8384,1.171,-0.0715
sc1_convnext_mae_pixel_run5_executed.ipynb,5,scenario1-convnext-mae,no-preupsample,2 dataset,ConvNeXt,mae,T2m (K),0.6917,0.5566,-0.0153,0.8001,0.8155,0.1518
sc1_convnext_mae_pixel_run5_executed.ipynb,5,scenario1-convnext-mae,no-preupsample,2 dataset,ConvNeXt,mae,TP 24hr (mm),0.0073,0.004,-0.0001,0.7629,0.0065,-0.1171
sc1_convnext_mae_preupsample_run1_executed.ipynb,1,scenario1-convnext-mae-preupsample,preupsample,2 dataset,ConvNeXt,mae,U10 (m/s),1.2064,0.9259,-0.1087,0.8667,1.2441,0.0303
sc1_convnext_mae_preupsample_run1_executed.ipynb,1,scenario1-convnext-mae-preupsample,preupsample,2 dataset,ConvNeXt,mae,V10 (m/s),1.1682,0.8964,-0.0536,0.8476,1.171,0.0024
sc1_convnext_mae_preupsample_run1_executed.ipynb,1,scenario1-convnext-mae-preupsample,preupsample,2 dataset,ConvNeXt,mae,T2m (K),0.7127,0.5789,0.0062,0.8037,0.8155,0.126
sc1_convnext_mae_preupsample_run1_executed.ipynb,1,scenario1-convnext-mae-preupsample,preupsample,2 dataset,ConvNeXt,mae,TP 24hr (mm),0.0069,0.0036,-0.0011,0.7866,0.0065,-0.062
sc1_convnext_mae_preupsample_run2_executed.ipynb,2,scenario1-convnext-mae-preupsample,preupsample,2 dataset,ConvNeXt,mae,U10 (m/s),1.2064,0.9259,-0.1086,0.8667,1.2441,0.0303
sc1_convnext_mae_preupsample_run2_executed.ipynb,2,scenario1-convnext-mae-preupsample,preupsample,2 dataset,ConvNeXt,mae,V10 (m/s),1.1682,0.8964,-0.0541,0.8476,1.171,0.0024
sc1_convnext_mae_preupsample_run2_executed.ipynb,2,scenario1-convnext-mae-preupsample,preupsample,2 dataset,ConvNeXt,mae,T2m (K),0.7128,0.5789,0.005,0.8037,0.8155,0.1259
sc1_convnext_mae_preupsample_run2_executed.ipynb,2,scenario1-convnext-mae-preupsample,preupsample,2 dataset,ConvNeXt,mae,TP 24hr (mm),0.0069,0.0036,-0.0011,0.7867,0.0065,-0.0619
sc1_convnext_mae_preupsample_run3_executed.ipynb,3,scenario1-convnext-mae-preupsample,preupsample,2 dataset,ConvNeXt,mae,U10 (m/s),1.2064,0.9259,-0.109,0.8667,1.2441,0.0303
sc1_convnext_mae_preupsample_run3_executed.ipynb,3,scenario1-convnext-mae-preupsample,preupsample,2 dataset,ConvNeXt,mae,V10 (m/s),1.1682,0.8964,-0.0528,0.8476,1.171,0.0024
sc1_convnext_mae_preupsample_run3_executed.ipynb,3,scenario1-convnext-mae-preupsample,preupsample,2 dataset,ConvNeXt,mae,T2m (K),0.7129,0.579,0.0048,0.8037,0.8155,0.1258
sc1_convnext_mae_preupsample_run3_executed.ipynb,3,scenario1-convnext-mae-preupsample,preupsample,2 dataset,ConvNeXt,mae,TP 24hr (mm),0.0069,0.0036,-0.0011,0.7867,0.0065,-0.0619
sc1_convnext_mae_preupsample_run4_executed.ipynb,4,scenario1-convnext-mae-preupsample,preupsample,2 dataset,ConvNeXt,mae,U10 (m/s),1.2064,0.9259,-0.1091,0.8667,1.2441,0.0303
sc1_convnext_mae_preupsample_run4_executed.ipynb,4,scenario1-convnext-mae-preupsample,preupsample,2 dataset,ConvNeXt,mae,V10 (m/s),1.1681,0.8964,-0.0536,0.8476,1.171,0.0025
sc1_convnext_mae_preupsample_run4_executed.ipynb,4,scenario1-convnext-mae-preupsample,preupsample,2 dataset,ConvNeXt,mae,T2m (K),0.7128,0.5789,0.0055,0.8037,0.8155,0.1259
sc1_convnext_mae_preupsample_run4_executed.ipynb,4,scenario1-convnext-mae-preupsample,preupsample,2 dataset,ConvNeXt,mae,TP 24hr (mm),0.0069,0.0036,-0.0011,0.7866,0.0065,-0.062
sc1_convnext_mae_preupsample_run5_executed.ipynb,5,scenario1-convnext-mae-preupsample,preupsample,2 dataset,ConvNeXt,mae,U10 (m/s),1.2064,0.9259,-0.1084,0.8667,1.2441,0.0303
sc1_convnext_mae_preupsample_run5_executed.ipynb,5,scenario1-convnext-mae-preupsample,preupsample,2 dataset,ConvNeXt,mae,V10 (m/s),1.1681,0.8964,-0.0526,0.8476,1.171,0.0025
sc1_convnext_mae_preupsample_run5_executed.ipynb,5,scenario1-convnext-mae-preupsample,preupsample,2 dataset,ConvNeXt,mae,T2m (K),0.7129,0.579,0.0048,0.8037,0.8155,0.1258
sc1_convnext_mae_preupsample_run5_executed.ipynb,5,scenario1-convnext-mae-preupsample,preupsample,2 dataset,ConvNeXt,mae,TP 24hr (mm),0.0069,0.0036,-0.0011,0.7867,0.0065,-0.062
sc1_convnext_mae_run1_executed.ipynb,1,scenario1-convnext-mae,no-preupsample,2 dataset,ConvNeXt,mae,U10 (m/s),1.8455,1.4249,-0.197,0.7628,1.2441,-0.4834
sc1_convnext_mae_run1_executed.ipynb,1,scenario1-convnext-mae,no-preupsample,2 dataset,ConvNeXt,mae,V10 (m/s),1.7881,1.3786,0.0349,0.7202,1.171,-0.527
sc1_convnext_mae_run1_executed.ipynb,1,scenario1-convnext-mae,no-preupsample,2 dataset,ConvNeXt,mae,T2m (K),1.0261,0.8563,0.1297,0.667,0.8155,-0.2582
sc1_convnext_mae_run1_executed.ipynb,1,scenario1-convnext-mae,no-preupsample,2 dataset,ConvNeXt,mae,TP 24hr (mm),0.0095,0.0051,-0.0019,0.5573,0.0065,-0.4553
sc1_convnext_mae_run2_executed.ipynb,2,scenario1-convnext-mae,no-preupsample,2 dataset,ConvNeXt,mae,U10 (m/s),1.8454,1.4247,-0.1953,0.7627,1.2441,-0.4833
sc1_convnext_mae_run2_executed.ipynb,2,scenario1-convnext-mae,no-preupsample,2 dataset,ConvNeXt,mae,V10 (m/s),1.7884,1.3789,0.0354,0.7201,1.171,-0.5273
sc1_convnext_mae_run2_executed.ipynb,2,scenario1-convnext-mae,no-preupsample,2 dataset,ConvNeXt,mae,T2m (K),1.0261,0.8563,0.1306,0.667,0.8155,-0.2583
sc1_convnext_mae_run2_executed.ipynb,2,scenario1-convnext-mae,no-preupsample,2 dataset,ConvNeXt,mae,TP 24hr (mm),0.0095,0.0051,-0.0019,0.5573,0.0065,-0.4552
sc1_convnext_mae_run3_executed.ipynb,3,scenario1-convnext-mae,no-preupsample,2 dataset,ConvNeXt,mae,U10 (m/s),1.6673,1.2842,-0.0877,0.7898,1.1679,-0.4276
sc1_convnext_mae_run3_executed.ipynb,3,scenario1-convnext-mae,no-preupsample,2 dataset,ConvNeXt,mae,V10 (m/s),1.6053,1.2359,0.0668,0.7601,1.0916,-0.4706
sc1_convnext_mae_run3_executed.ipynb,3,scenario1-convnext-mae,no-preupsample,2 dataset,ConvNeXt,mae,T2m (K),0.9434,0.7825,0.1295,0.7003,0.7312,-0.2902
sc1_convnext_mae_run3_executed.ipynb,3,scenario1-convnext-mae,no-preupsample,2 dataset,ConvNeXt,mae,TP 24hr (mm),0.009,0.0048,-0.0017,0.6108,0.006,-0.5056
sc1_convnext_mae_run4_executed.ipynb,4,scenario1-convnext-mae,no-preupsample,2 dataset,ConvNeXt,mae,U10 (m/s),1.8445,1.4242,-0.1911,0.7627,1.2441,-0.4826
sc1_convnext_mae_run4_executed.ipynb,4,scenario1-convnext-mae,no-preupsample,2 dataset,ConvNeXt,mae,V10 (m/s),1.7883,1.3787,0.0375,0.7202,1.171,-0.5272
sc1_convnext_mae_run4_executed.ipynb,4,scenario1-convnext-mae,no-preupsample,2 dataset,ConvNeXt,mae,T2m (K),1.026,0.8563,0.1297,0.6669,0.8155,-0.2581
sc1_convnext_mae_run4_executed.ipynb,4,scenario1-convnext-mae,no-preupsample,2 dataset,ConvNeXt,mae,TP 24hr (mm),0.0095,0.0051,-0.0019,0.5574,0.0065,-0.4551
sc1_convnext_mae_run5_executed.ipynb,5,scenario1-convnext-mae,no-preupsample,2 dataset,ConvNeXt,mae,U10 (m/s),1.6673,1.2842,-0.0877,0.7898,1.1679,-0.4276
sc1_convnext_mae_run5_executed.ipynb,5,scenario1-convnext-mae,no-preupsample,2 dataset,ConvNeXt,mae,V10 (m/s),1.6053,1.2359,0.0668,0.7601,1.0916,-0.4706
sc1_convnext_mae_run5_executed.ipynb,5,scenario1-convnext-mae,no-preupsample,2 dataset,ConvNeXt,mae,T2m (K),0.9434,0.7825,0.1295,0.7003,0.7312,-0.2902
sc1_convnext_mae_run5_executed.ipynb,5,scenario1-convnext-mae,no-preupsample,2 dataset,ConvNeXt,mae,TP 24hr (mm),0.009,0.0048,-0.0017,0.6108,0.006,-0.5056
sc1_dl4ds.ipynb,,scenario1-dl4ds-forecast-correction,no-preupsample,2 dataset,DL4DS,mae,U10 (m/s),1.08,0.8201,0.0203,0.8874,1.1679,0.0753
sc1_dl4ds.ipynb,,scenario1-dl4ds-forecast-correction,no-preupsample,2 dataset,DL4DS,mae,V10 (m/s),1.0637,0.8092,0.0657,0.8711,1.0916,0.0256
sc1_dl4ds.ipynb,,scenario1-dl4ds-forecast-correction,no-preupsample,2 dataset,DL4DS,mae,T2m (K),0.5566,0.4335,-0.0024,0.8364,0.7312,0.2389
sc1_dl4ds.ipynb,,scenario1-dl4ds-forecast-correction,no-preupsample,2 dataset,DL4DS,mae,TP 24hr (mm),0.0064,0.0033,-0.0006,0.8146,0.006,-0.0628
sc1_gan_preupsample_run1_executed.ipynb,1,scenario1-gan-preupsample,preupsample,2 dataset,GAN,mae,U10 (m/s),1.1101,0.8479,-0.0794,0.8828,1.1679,0.0495
sc1_gan_preupsample_run1_executed.ipynb,1,scenario1-gan-preupsample,preupsample,2 dataset,GAN,mae,V10 (m/s),1.084,0.8292,0.0558,0.8691,1.0916,0.007
sc1_gan_preupsample_run1_executed.ipynb,1,scenario1-gan-preupsample,preupsample,2 dataset,GAN,mae,T2m (K),0.6686,0.5398,-0.0083,0.8252,0.7312,0.0856
sc1_gan_preupsample_run1_executed.ipynb,1,scenario1-gan-preupsample,preupsample,2 dataset,GAN,mae,TP 24hr (mm),0.0064,0.0033,-0.0007,0.8142,0.006,-0.0707
sc1_gan_preupsample_run2_executed.ipynb,2,scenario1-gan-preupsample,preupsample,2 dataset,GAN,mae,U10 (m/s),1.1102,0.8479,-0.0791,0.8828,1.1679,0.0495
sc1_gan_preupsample_run2_executed.ipynb,2,scenario1-gan-preupsample,preupsample,2 dataset,GAN,mae,V10 (m/s),1.0841,0.8293,0.0565,0.8691,1.0916,0.0069
sc1_gan_preupsample_run2_executed.ipynb,2,scenario1-gan-preupsample,preupsample,2 dataset,GAN,mae,T2m (K),0.6686,0.5398,-0.0082,0.8252,0.7312,0.0857
sc1_gan_preupsample_run2_executed.ipynb,2,scenario1-gan-preupsample,preupsample,2 dataset,GAN,mae,TP 24hr (mm),0.0064,0.0033,-0.0007,0.8142,0.006,-0.0707
sc1_gan_preupsample_run3_executed.ipynb,3,scenario1-gan-preupsample,preupsample,2 dataset,GAN,mae,U10 (m/s),1.11,0.8478,-0.0779,0.8829,1.1679,0.0496
sc1_gan_preupsample_run3_executed.ipynb,3,scenario1-gan-preupsample,preupsample,2 dataset,GAN,mae,V10 (m/s),1.084,0.8292,0.0568,0.8691,1.0916,0.0069
sc1_gan_preupsample_run3_executed.ipynb,3,scenario1-gan-preupsample,preupsample,2 dataset,GAN,mae,T2m (K),0.6686,0.5398,-0.0084,0.8252,0.7312,0.0856
sc1_gan_preupsample_run3_executed.ipynb,3,scenario1-gan-preupsample,preupsample,2 dataset,GAN,mae,TP 24hr (mm),0.0064,0.0033,-0.0007,0.8142,0.006,-0.0706
sc1_gan_preupsample_run4_executed.ipynb,4,scenario1-gan-preupsample,preupsample,2 dataset,GAN,mae,U10 (m/s),1.1101,0.8479,-0.0796,0.8828,1.1679,0.0495
sc1_gan_preupsample_run4_executed.ipynb,4,scenario1-gan-preupsample,preupsample,2 dataset,GAN,mae,V10 (m/s),1.084,0.8292,0.0564,0.8691,1.0916,0.007
sc1_gan_preupsample_run4_executed.ipynb,4,scenario1-gan-preupsample,preupsample,2 dataset,GAN,mae,T2m (K),0.6686,0.5398,-0.0085,0.8252,0.7312,0.0857
sc1_gan_preupsample_run4_executed.ipynb,4,scenario1-gan-preupsample,preupsample,2 dataset,GAN,mae,TP 24hr (mm),0.0064,0.0033,-0.0007,0.8142,0.006,-0.0706
sc1_gan_preupsample_run5_executed.ipynb,5,scenario1-gan-preupsample,preupsample,2 dataset,GAN,mae,U10 (m/s),1.1101,0.8479,-0.0786,0.8829,1.1679,0.0495
sc1_gan_preupsample_run5_executed.ipynb,5,scenario1-gan-preupsample,preupsample,2 dataset,GAN,mae,V10 (m/s),1.084,0.8292,0.0558,0.8691,1.0916,0.007
sc1_gan_preupsample_run5_executed.ipynb,5,scenario1-gan-preupsample,preupsample,2 dataset,GAN,mae,T2m (K),0.6686,0.5398,-0.0082,0.8252,0.7312,0.0857
sc1_gan_preupsample_run5_executed.ipynb,5,scenario1-gan-preupsample,preupsample,2 dataset,GAN,mae,TP 24hr (mm),0.0064,0.0033,-0.0007,0.8142,0.006,-0.0706
sc1_gan_run1_executed.ipynb,1,scenario1-gan,no-preupsample,2 dataset,GAN,mae,U10 (m/s),1.11,0.8478,-0.0788,0.8828,1.1679,0.0496
sc1_gan_run1_executed.ipynb,1,scenario1-gan,no-preupsample,2 dataset,GAN,mae,V10 (m/s),1.084,0.8292,0.0559,0.8691,1.0916,0.0069
sc1_gan_run1_executed.ipynb,1,scenario1-gan,no-preupsample,2 dataset,GAN,mae,T2m (K),0.6686,0.5398,-0.0079,0.8252,0.7312,0.0857
sc1_gan_run1_executed.ipynb,1,scenario1-gan,no-preupsample,2 dataset,GAN,mae,TP 24hr (mm),0.0064,0.0033,-0.0007,0.8142,0.006,-0.0707
sc1_gan_run2_executed.ipynb,2,scenario1-gan,no-preupsample,2 dataset,GAN,mae,U10 (m/s),1.11,0.8478,-0.0784,0.8829,1.1679,0.0496
sc1_gan_run2_executed.ipynb,2,scenario1-gan,no-preupsample,2 dataset,GAN,mae,V10 (m/s),1.084,0.8292,0.0565,0.8691,1.0916,0.0069
sc1_gan_run2_executed.ipynb,2,scenario1-gan,no-preupsample,2 dataset,GAN,mae,T2m (K),0.6686,0.5398,-0.0088,0.8252,0.7312,0.0856
sc1_gan_run2_executed.ipynb,2,scenario1-gan,no-preupsample,2 dataset,GAN,mae,TP 24hr (mm),0.0064,0.0033,-0.0007,0.8142,0.006,-0.0706
sc1_gan_run3_executed.ipynb,3,scenario1-gan,no-preupsample,2 dataset,GAN,mae,U10 (m/s),1.11,0.8478,-0.0784,0.8828,1.1679,0.0496
sc1_gan_run3_executed.ipynb,3,scenario1-gan,no-preupsample,2 dataset,GAN,mae,V10 (m/s),1.084,0.8292,0.0562,0.8691,1.0916,0.007
sc1_gan_run3_executed.ipynb,3,scenario1-gan,no-preupsample,2 dataset,GAN,mae,T2m (K),0.6686,0.5398,-0.0084,0.8252,0.7312,0.0857
sc1_gan_run3_executed.ipynb,3,scenario1-gan,no-preupsample,2 dataset,GAN,mae,TP 24hr (mm),0.0064,0.0033,-0.0007,0.8142,0.006,-0.0707
sc1_gan_run4_executed.ipynb,4,scenario1-gan,no-preupsample,2 dataset,GAN,mae,U10 (m/s),1.1101,0.8479,-0.0795,0.8828,1.1679,0.0495
sc1_gan_run4_executed.ipynb,4,scenario1-gan,no-preupsample,2 dataset,GAN,mae,V10 (m/s),1.084,0.8292,0.0558,0.8691,1.0916,0.007
sc1_gan_run4_executed.ipynb,4,scenario1-gan,no-preupsample,2 dataset,GAN,mae,T2m (K),0.6686,0.5398,-0.0089,0.8252,0.7312,0.0857
sc1_gan_run4_executed.ipynb,4,scenario1-gan,no-preupsample,2 dataset,GAN,mae,TP 24hr (mm),0.0064,0.0033,-0.0007,0.8142,0.006,-0.0706
sc1_gan_run5_executed.ipynb,5,scenario1-gan,no-preupsample,2 dataset,GAN,mae,U10 (m/s),1.1101,0.8479,-0.0791,0.8828,1.1679,0.0495
sc1_gan_run5_executed.ipynb,5,scenario1-gan,no-preupsample,2 dataset,GAN,mae,V10 (m/s),1.084,0.8292,0.0568,0.8691,1.0916,0.0069
sc1_gan_run5_executed.ipynb,5,scenario1-gan,no-preupsample,2 dataset,GAN,mae,T2m (K),0.6686,0.5398,-0.0078,0.8252,0.7312,0.0857
sc1_gan_run5_executed.ipynb,5,scenario1-gan,no-preupsample,2 dataset,GAN,mae,TP 24hr (mm),0.0064,0.0033,-0.0007,0.8142,0.006,-0.0706
sc1_qm.ipynb,,scenario1-quantilemapping,no-preupsample,2 dataset,Quantile Mapping,n/a,U10 (m/s),1.1163,0.8462,-0.0191,0.875,1.1679,0.0442
sc1_qm.ipynb,,scenario1-quantilemapping,no-preupsample,2 dataset,Quantile Mapping,n/a,V10 (m/s),1.1189,0.8517,0.0845,0.8612,1.0916,-0.0251
sc1_qm.ipynb,,scenario1-quantilemapping,no-preupsample,2 dataset,Quantile Mapping,n/a,T2m (K),0.6149,0.4814,-0.1026,0.8194,0.7312,0.1591
sc1_qm.ipynb,,scenario1-quantilemapping,no-preupsample,2 dataset,Quantile Mapping,n/a,TP 24hr (mm),0.0065,0.0035,0.0,0.8072,0.006,-0.0828
sc1_resnet18_preupsample_run1_executed.ipynb,1,scenario1-resnet18-preupsample,preupsample,2 dataset,ResNet18,mae,U10 (m/s),1.0732,0.8136,-0.0107,0.8903,1.1679,0.0811
sc1_resnet18_preupsample_run1_executed.ipynb,1,scenario1-resnet18-preupsample,preupsample,2 dataset,ResNet18,mae,V10 (m/s),1.0678,0.8125,0.1147,0.8737,1.0916,0.0218
sc1_resnet18_preupsample_run1_executed.ipynb,1,scenario1-resnet18-preupsample,preupsample,2 dataset,ResNet18,mae,T2m (K),0.5737,0.4475,0.028,0.8305,0.7312,0.2155
sc1_resnet18_preupsample_run1_executed.ipynb,1,scenario1-resnet18-preupsample,preupsample,2 dataset,ResNet18,mae,TP 24hr (mm),0.0065,0.0033,-0.0008,0.8097,0.006,-0.0777
sc1_resnet18_preupsample_run2_executed.ipynb,2,scenario1-resnet18-preupsample,preupsample,2 dataset,ResNet18,mae,U10 (m/s),1.0719,0.8131,0.0394,0.8905,1.1679,0.0822
sc1_resnet18_preupsample_run2_executed.ipynb,2,scenario1-resnet18-preupsample,preupsample,2 dataset,ResNet18,mae,V10 (m/s),1.0669,0.8132,0.1309,0.8736,1.0916,0.0226
sc1_resnet18_preupsample_run2_executed.ipynb,2,scenario1-resnet18-preupsample,preupsample,2 dataset,ResNet18,mae,T2m (K),0.5726,0.4467,0.0265,0.8307,0.7312,0.217
sc1_resnet18_preupsample_run2_executed.ipynb,2,scenario1-resnet18-preupsample,preupsample,2 dataset,ResNet18,mae,TP 24hr (mm),0.0064,0.0033,-0.0007,0.8104,0.006,-0.072
sc1_resnet18_preupsample_run3_executed.ipynb,3,scenario1-resnet18-preupsample,preupsample,2 dataset,ResNet18,mae,U10 (m/s),1.0709,0.8115,0.01,0.8901,1.1679,0.0831
sc1_resnet18_preupsample_run3_executed.ipynb,3,scenario1-resnet18-preupsample,preupsample,2 dataset,ResNet18,mae,V10 (m/s),1.0601,0.8067,0.0498,0.8741,1.0916,0.0288
sc1_resnet18_preupsample_run3_executed.ipynb,3,scenario1-resnet18-preupsample,preupsample,2 dataset,ResNet18,mae,T2m (K),0.5721,0.4464,0.0201,0.8312,0.7312,0.2176
sc1_resnet18_preupsample_run3_executed.ipynb,3,scenario1-resnet18-preupsample,preupsample,2 dataset,ResNet18,mae,TP 24hr (mm),0.0065,0.0033,-0.0008,0.8102,0.006,-0.0752
sc1_resnet18_preupsample_run4_executed.ipynb,4,scenario1-resnet18-preupsample,preupsample,2 dataset,ResNet18,mae,U10 (m/s),1.0694,0.8104,-0.0231,0.8902,1.1679,0.0844
sc1_resnet18_preupsample_run4_executed.ipynb,4,scenario1-resnet18-preupsample,preupsample,2 dataset,ResNet18,mae,V10 (m/s),1.0638,0.8094,0.0751,0.874,1.0916,0.0254
sc1_resnet18_preupsample_run4_executed.ipynb,4,scenario1-resnet18-preupsample,preupsample,2 dataset,ResNet18,mae,T2m (K),0.572,0.4464,0.0079,0.8309,0.7312,0.2178
sc1_resnet18_preupsample_run4_executed.ipynb,4,scenario1-resnet18-preupsample,preupsample,2 dataset,ResNet18,mae,TP 24hr (mm),0.0065,0.0033,-0.0007,0.8099,0.006,-0.0755
sc1_resnet18_preupsample_run5_executed.ipynb,5,scenario1-resnet18-preupsample,preupsample,2 dataset,ResNet18,mae,U10 (m/s),1.0723,0.8121,-0.0464,0.89,1.1679,0.0818
sc1_resnet18_preupsample_run5_executed.ipynb,5,scenario1-resnet18-preupsample,preupsample,2 dataset,ResNet18,mae,V10 (m/s),1.0598,0.807,0.046,0.8741,1.0916,0.0291
sc1_resnet18_preupsample_run5_executed.ipynb,5,scenario1-resnet18-preupsample,preupsample,2 dataset,ResNet18,mae,T2m (K),0.5736,0.4472,0.0435,0.8308,0.7312,0.2156
sc1_resnet18_preupsample_run5_executed.ipynb,5,scenario1-resnet18-preupsample,preupsample,2 dataset,ResNet18,mae,TP 24hr (mm),0.0065,0.0033,-0.0008,0.8095,0.006,-0.078
sc1_resnet18_run1_executed.ipynb,1,scenario1-resnet18,no-preupsample,2 dataset,ResNet18,mae,U10 (m/s),1.3574,1.0416,-0.1304,0.8427,1.1679,-0.1623
sc1_resnet18_run1_executed.ipynb,1,scenario1-resnet18,no-preupsample,2 dataset,ResNet18,mae,V10 (m/s),1.3157,1.0086,0.1521,0.8231,1.0916,-0.2053
sc1_resnet18_run1_executed.ipynb,1,scenario1-resnet18,no-preupsample,2 dataset,ResNet18,mae,T2m (K),0.7433,0.5982,-0.0073,0.7612,0.7312,-0.0165
sc1_resnet18_run1_executed.ipynb,1,scenario1-resnet18,no-preupsample,2 dataset,ResNet18,mae,TP 24hr (mm),0.0076,0.004,-0.0014,0.7328,0.006,-0.2738
sc1_resnet18_run2_executed.ipynb,2,scenario1-resnet18,no-preupsample,2 dataset,ResNet18,mae,U10 (m/s),1.3357,1.0268,0.04,0.8414,1.1679,-0.1437
sc1_resnet18_run2_executed.ipynb,2,scenario1-resnet18,no-preupsample,2 dataset,ResNet18,mae,V10 (m/s),1.2923,0.9945,-0.0279,0.8207,1.0916,-0.1839
sc1_resnet18_run2_executed.ipynb,2,scenario1-resnet18,no-preupsample,2 dataset,ResNet18,mae,T2m (K),0.7258,0.5797,0.0068,0.7578,0.7312,0.0075
sc1_resnet18_run2_executed.ipynb,2,scenario1-resnet18,no-preupsample,2 dataset,ResNet18,mae,TP 24hr (mm),0.0078,0.0041,-0.0017,0.7246,0.006,-0.2938
sc1_resnet18_run3_executed.ipynb,3,scenario1-resnet18,no-preupsample,2 dataset,ResNet18,mae,U10 (m/s),1.3436,1.0304,0.0086,0.8431,1.1679,-0.1504
sc1_resnet18_run3_executed.ipynb,3,scenario1-resnet18,no-preupsample,2 dataset,ResNet18,mae,V10 (m/s),1.3051,1.001,0.0552,0.8234,1.0916,-0.1956
sc1_resnet18_run3_executed.ipynb,3,scenario1-resnet18,no-preupsample,2 dataset,ResNet18,mae,T2m (K),0.7344,0.5898,0.0267,0.7606,0.7312,-0.0044
sc1_resnet18_run3_executed.ipynb,3,scenario1-resnet18,no-preupsample,2 dataset,ResNet18,mae,TP 24hr (mm),0.0077,0.0041,-0.0014,0.7286,0.006,-0.2813
sc1_resnet18_run4_executed.ipynb,4,scenario1-resnet18,no-preupsample,2 dataset,ResNet18,mae,U10 (m/s),1.371,1.0532,-0.2528,0.8409,1.1679,-0.1739
sc1_resnet18_run4_executed.ipynb,4,scenario1-resnet18,no-preupsample,2 dataset,ResNet18,mae,V10 (m/s),1.3052,0.9998,0.1164,0.8226,1.0916,-0.1957
sc1_resnet18_run4_executed.ipynb,4,scenario1-resnet18,no-preupsample,2 dataset,ResNet18,mae,T2m (K),0.7502,0.6048,-0.0344,0.7598,0.7312,-0.0259
sc1_resnet18_run4_executed.ipynb,4,scenario1-resnet18,no-preupsample,2 dataset,ResNet18,mae,TP 24hr (mm),0.0077,0.004,-0.0017,0.7316,0.006,-0.2884
sc1_resnet18_run5_executed.ipynb,5,scenario1-resnet18,no-preupsample,2 dataset,ResNet18,mae,U10 (m/s),1.3603,1.0426,-0.2389,0.8423,1.1679,-0.1648
sc1_resnet18_run5_executed.ipynb,5,scenario1-resnet18,no-preupsample,2 dataset,ResNet18,mae,V10 (m/s),1.3148,1.0067,0.1517,0.8222,1.0916,-0.2045
sc1_resnet18_run5_executed.ipynb,5,scenario1-resnet18,no-preupsample,2 dataset,ResNet18,mae,T2m (K),0.7368,0.5914,0.0215,0.7612,0.7312,-0.0076
sc1_resnet18_run5_executed.ipynb,5,scenario1-resnet18,no-preupsample,2 dataset,ResNet18,mae,TP 24hr (mm),0.0077,0.004,-0.0016,0.7313,0.006,-0.2841
sc1_unet_preupsample_run1_executed.ipynb,1,scenario1-unet-preupsample,preupsample,2 dataset,Unet,mae,U10 (m/s),1.0271,0.775,0.0277,0.9018,1.1679,0.1206
sc1_unet_preupsample_run1_executed.ipynb,1,scenario1-unet-preupsample,preupsample,2 dataset,Unet,mae,V10 (m/s),1.0155,0.7699,0.0382,0.8843,1.0916,0.0697
sc1_unet_preupsample_run1_executed.ipynb,1,scenario1-unet-preupsample,preupsample,2 dataset,Unet,mae,T2m (K),0.5613,0.4382,-0.0714,0.84,0.7312,0.2324
sc1_unet_preupsample_run1_executed.ipynb,1,scenario1-unet-preupsample,preupsample,2 dataset,Unet,mae,TP 24hr (mm),0.0064,0.0033,-0.0004,0.8133,0.006,-0.0644
sc1_unet_preupsample_run2_executed.ipynb,2,scenario1-unet-preupsample,preupsample,2 dataset,Unet,mae,U10 (m/s),1.0271,0.775,0.0277,0.9018,1.1679,0.1206
sc1_unet_preupsample_run2_executed.ipynb,2,scenario1-unet-preupsample,preupsample,2 dataset,Unet,mae,V10 (m/s),1.0155,0.7699,0.0382,0.8843,1.0916,0.0697
sc1_unet_preupsample_run2_executed.ipynb,2,scenario1-unet-preupsample,preupsample,2 dataset,Unet,mae,T2m (K),0.5613,0.4382,-0.0714,0.84,0.7312,0.2324
sc1_unet_preupsample_run2_executed.ipynb,2,scenario1-unet-preupsample,preupsample,2 dataset,Unet,mae,TP 24hr (mm),0.0064,0.0033,-0.0004,0.8133,0.006,-0.0644
sc1_unet_preupsample_run3_executed.ipynb,3,scenario1-unet-preupsample,preupsample,2 dataset,Unet,mae,U10 (m/s),1.0271,0.775,0.0277,0.9018,1.1679,0.1206
sc1_unet_preupsample_run3_executed.ipynb,3,scenario1-unet-preupsample,preupsample,2 dataset,Unet,mae,V10 (m/s),1.0155,0.7699,0.0382,0.8843,1.0916,0.0697
sc1_unet_preupsample_run3_executed.ipynb,3,scenario1-unet-preupsample,preupsample,2 dataset,Unet,mae,T2m (K),0.5613,0.4382,-0.0714,0.84,0.7312,0.2324
sc1_unet_preupsample_run3_executed.ipynb,3,scenario1-unet-preupsample,preupsample,2 dataset,Unet,mae,TP 24hr (mm),0.0064,0.0033,-0.0004,0.8133,0.006,-0.0644
sc1_unet_preupsample_run4_executed.ipynb,4,scenario1-unet-preupsample,preupsample,2 dataset,Unet,mae,U10 (m/s),1.0271,0.775,0.0277,0.9018,1.1679,0.1206
sc1_unet_preupsample_run4_executed.ipynb,4,scenario1-unet-preupsample,preupsample,2 dataset,Unet,mae,V10 (m/s),1.0155,0.7699,0.0382,0.8843,1.0916,0.0697
sc1_unet_preupsample_run4_executed.ipynb,4,scenario1-unet-preupsample,preupsample,2 dataset,Unet,mae,T2m (K),0.5613,0.4382,-0.0714,0.84,0.7312,0.2324
sc1_unet_preupsample_run4_executed.ipynb,4,scenario1-unet-preupsample,preupsample,2 dataset,Unet,mae,TP 24hr (mm),0.0064,0.0033,-0.0004,0.8133,0.006,-0.0644
sc1_unet_preupsample_run5_executed.ipynb,5,scenario1-unet-preupsample,preupsample,2 dataset,Unet,mae,U10 (m/s),1.0271,0.775,0.0277,0.9018,1.1679,0.1206
sc1_unet_preupsample_run5_executed.ipynb,5,scenario1-unet-preupsample,preupsample,2 dataset,Unet,mae,V10 (m/s),1.0155,0.7699,0.0382,0.8843,1.0916,0.0697
sc1_unet_preupsample_run5_executed.ipynb,5,scenario1-unet-preupsample,preupsample,2 dataset,Unet,mae,T2m (K),0.5613,0.4382,-0.0714,0.84,0.7312,0.2324
sc1_unet_preupsample_run5_executed.ipynb,5,scenario1-unet-preupsample,preupsample,2 dataset,Unet,mae,TP 24hr (mm),0.0064,0.0033,-0.0004,0.8133,0.006,-0.0644
sc1_unet_run1_executed.ipynb,1,scenario1-unet,no-preupsample,2 dataset,Unet,mae,U10 (m/s),1.1632,0.8938,0.0066,0.8703,1.1679,0.0041
sc1_unet_run1_executed.ipynb,1,scenario1-unet,no-preupsample,2 dataset,Unet,mae,V10 (m/s),1.1249,0.8625,0.0799,0.858,1.0916,-0.0305
sc1_unet_run1_executed.ipynb,1,scenario1-unet,no-preupsample,2 dataset,Unet,mae,T2m (K),0.7084,0.573,-0.0756,0.8101,0.7312,0.0312
sc1_unet_run1_executed.ipynb,1,scenario1-unet,no-preupsample,2 dataset,Unet,mae,TP 24hr (mm),0.0067,0.0035,-0.0009,0.802,0.006,-0.1091
sc1_unet_run2_executed.ipynb,2,scenario1-unet,no-preupsample,2 dataset,Unet,mae,U10 (m/s),1.1854,0.9076,-0.1101,0.8661,1.1679,-0.015
sc1_unet_run2_executed.ipynb,2,scenario1-unet,no-preupsample,2 dataset,Unet,mae,V10 (m/s),1.1367,0.8732,-0.0575,0.8542,1.0916,-0.0414
sc1_unet_run2_executed.ipynb,2,scenario1-unet,no-preupsample,2 dataset,Unet,mae,T2m (K),0.6782,0.5436,0.0086,0.8061,0.7312,0.0725
sc1_unet_run2_executed.ipynb,2,scenario1-unet,no-preupsample,2 dataset,Unet,mae,TP 24hr (mm),0.0068,0.0036,-0.0007,0.792,0.006,-0.1255
sc1_unet_run3_executed.ipynb,3,scenario1-unet,no-preupsample,2 dataset,Unet,mae,U10 (m/s),1.1621,0.8925,0.0071,0.8708,1.1679,0.005
sc1_unet_run3_executed.ipynb,3,scenario1-unet,no-preupsample,2 dataset,Unet,mae,V10 (m/s),1.1243,0.8616,0.0498,0.8579,1.0916,-0.03
sc1_unet_run3_executed.ipynb,3,scenario1-unet,no-preupsample,2 dataset,Unet,mae,T2m (K),0.6999,0.5652,-0.0526,0.8102,0.7312,0.0429
sc1_unet_run3_executed.ipynb,3,scenario1-unet,no-preupsample,2 dataset,Unet,mae,TP 24hr (mm),0.0067,0.0035,-0.001,0.802,0.006,-0.1096
sc1_unet_run4_executed.ipynb,4,scenario1-unet,no-preupsample,2 dataset,Unet,mae,U10 (m/s),1.1807,0.9036,-0.0898,0.8673,1.1679,-0.0109
sc1_unet_run4_executed.ipynb,4,scenario1-unet,no-preupsample,2 dataset,Unet,mae,V10 (m/s),1.1299,0.8676,0.0029,0.8543,1.0916,-0.0351
sc1_unet_run4_executed.ipynb,4,scenario1-unet,no-preupsample,2 dataset,Unet,mae,T2m (K),0.6803,0.5466,-0.0245,0.8061,0.7312,0.0697
sc1_unet_run4_executed.ipynb,4,scenario1-unet,no-preupsample,2 dataset,Unet,mae,TP 24hr (mm),0.0068,0.0036,-0.0006,0.792,0.006,-0.1269
sc1_unet_run5_executed.ipynb,5,scenario1-unet,no-preupsample,2 dataset,Unet,mae,U10 (m/s),1.1633,0.8932,-0.0386,0.8707,1.1679,0.0039
sc1_unet_run5_executed.ipynb,5,scenario1-unet,no-preupsample,2 dataset,Unet,mae,V10 (m/s),1.1282,0.8652,0.1036,0.8584,1.0916,-0.0336
sc1_unet_run5_executed.ipynb,5,scenario1-unet,no-preupsample,2 dataset,Unet,mae,T2m (K),0.702,0.5672,-0.0591,0.8104,0.7312,0.0399
sc1_unet_run5_executed.ipynb,5,scenario1-unet,no-preupsample,2 dataset,Unet,mae,TP 24hr (mm),0.0067,0.0035,-0.0009,0.8015,0.006,-0.1095
sc2_convnext_mae_preupsample_run1_executed.ipynb,1,scenario2-convnext-mae-preupsample-perfect-prognosis,preupsample,1 dataset,ConvNeXt,mae,U10 (m/s),0.7064,0.5299,0.0006,0.9397,0.6595,-0.0712
sc2_convnext_mae_preupsample_run1_executed.ipynb,1,scenario2-convnext-mae-preupsample-perfect-prognosis,preupsample,1 dataset,ConvNeXt,mae,V10 (m/s),0.6913,0.5183,-0.0257,0.9301,0.6327,-0.0926
sc2_convnext_mae_preupsample_run1_executed.ipynb,1,scenario2-convnext-mae-preupsample-perfect-prognosis,preupsample,1 dataset,ConvNeXt,mae,T2m (K),0.518,0.4102,0.0137,0.9199,0.561,0.0767
sc2_convnext_mae_preupsample_run1_executed.ipynb,1,scenario2-convnext-mae-preupsample-perfect-prognosis,preupsample,1 dataset,ConvNeXt,mae,TP 24hr (mm),0.0052,0.0025,-0.0005,0.8808,0.0046,-0.1284
sc2_convnext_mae_preupsample_run2_executed.ipynb,2,scenario2-convnext-mae-preupsample-perfect-prognosis,preupsample,1 dataset,ConvNeXt,mae,U10 (m/s),0.7068,0.5302,-0.0117,0.9397,0.6595,-0.0718
sc2_convnext_mae_preupsample_run2_executed.ipynb,2,scenario2-convnext-mae-preupsample-perfect-prognosis,preupsample,1 dataset,ConvNeXt,mae,V10 (m/s),0.6911,0.518,-0.0072,0.9302,0.6327,-0.0923
sc2_convnext_mae_preupsample_run2_executed.ipynb,2,scenario2-convnext-mae-preupsample-perfect-prognosis,preupsample,1 dataset,ConvNeXt,mae,T2m (K),0.5183,0.4104,0.0205,0.9199,0.561,0.0762
sc2_convnext_mae_preupsample_run2_executed.ipynb,2,scenario2-convnext-mae-preupsample-perfect-prognosis,preupsample,1 dataset,ConvNeXt,mae,TP 24hr (mm),0.0052,0.0025,-0.0006,0.8808,0.0046,-0.1302
sc2_convnext_mae_preupsample_run3_executed.ipynb,3,scenario2-convnext-mae-preupsample-perfect-prognosis,preupsample,1 dataset,ConvNeXt,mae,U10 (m/s),0.7064,0.5299,0.0002,0.9397,0.6595,-0.0712
sc2_convnext_mae_preupsample_run3_executed.ipynb,3,scenario2-convnext-mae-preupsample-perfect-prognosis,preupsample,1 dataset,ConvNeXt,mae,V10 (m/s),0.6913,0.5183,-0.0257,0.9301,0.6327,-0.0926
sc2_convnext_mae_preupsample_run3_executed.ipynb,3,scenario2-convnext-mae-preupsample-perfect-prognosis,preupsample,1 dataset,ConvNeXt,mae,T2m (K),0.518,0.4102,0.0141,0.9199,0.561,0.0767
sc2_convnext_mae_preupsample_run3_executed.ipynb,3,scenario2-convnext-mae-preupsample-perfect-prognosis,preupsample,1 dataset,ConvNeXt,mae,TP 24hr (mm),0.0052,0.0025,-0.0005,0.8808,0.0046,-0.1284
sc2_convnext_mae_preupsample_run4_executed.ipynb,4,scenario2-convnext-mae-preupsample-perfect-prognosis,preupsample,1 dataset,ConvNeXt,mae,U10 (m/s),0.7068,0.5302,-0.012,0.9397,0.6595,-0.0718
sc2_convnext_mae_preupsample_run4_executed.ipynb,4,scenario2-convnext-mae-preupsample-perfect-prognosis,preupsample,1 dataset,ConvNeXt,mae,V10 (m/s),0.6911,0.518,-0.0072,0.9302,0.6327,-0.0923
sc2_convnext_mae_preupsample_run4_executed.ipynb,4,scenario2-convnext-mae-preupsample-perfect-prognosis,preupsample,1 dataset,ConvNeXt,mae,T2m (K),0.5183,0.4104,0.0204,0.9199,0.561,0.0762
sc2_convnext_mae_preupsample_run4_executed.ipynb,4,scenario2-convnext-mae-preupsample-perfect-prognosis,preupsample,1 dataset,ConvNeXt,mae,TP 24hr (mm),0.0052,0.0025,-0.0006,0.8808,0.0046,-0.1301
sc2_convnext_mae_preupsample_run5_executed.ipynb,5,scenario2-convnext-mae-preupsample-perfect-prognosis,preupsample,1 dataset,ConvNeXt,mae,U10 (m/s),0.7068,0.5302,-0.0114,0.9397,0.6595,-0.0718
sc2_convnext_mae_preupsample_run5_executed.ipynb,5,scenario2-convnext-mae-preupsample-perfect-prognosis,preupsample,1 dataset,ConvNeXt,mae,V10 (m/s),0.6912,0.5181,-0.0076,0.9302,0.6327,-0.0923
sc2_convnext_mae_preupsample_run5_executed.ipynb,5,scenario2-convnext-mae-preupsample-perfect-prognosis,preupsample,1 dataset,ConvNeXt,mae,T2m (K),0.5183,0.4104,0.0205,0.9199,0.561,0.0762
sc2_convnext_mae_preupsample_run5_executed.ipynb,5,scenario2-convnext-mae-preupsample-perfect-prognosis,preupsample,1 dataset,ConvNeXt,mae,TP 24hr (mm),0.0052,0.0025,-0.0006,0.8808,0.0046,-0.1302
sc2_covnext_mae_run1_executed.ipynb,1,scenario2-convenext-mae-perfect-prognosis,no-preupsample,1 dataset,ConvNeXt,mae,U10 (m/s),1.5809,1.2162,-0.063,0.8202,0.6595,-1.3973
sc2_covnext_mae_run1_executed.ipynb,1,scenario2-convenext-mae-perfect-prognosis,no-preupsample,1 dataset,ConvNeXt,mae,V10 (m/s),1.4816,1.1365,0.0152,0.79,0.6327,-1.3416
sc2_covnext_mae_run1_executed.ipynb,1,scenario2-convenext-mae-perfect-prognosis,no-preupsample,1 dataset,ConvNeXt,mae,T2m (K),0.9862,0.8084,0.1107,0.725,0.561,-0.7578
sc2_covnext_mae_run1_executed.ipynb,1,scenario2-convenext-mae-perfect-prognosis,no-preupsample,1 dataset,ConvNeXt,mae,TP 24hr (mm),0.0088,0.0046,-0.0017,0.6384,0.0046,-0.9107
sc2_covnext_mae_run2_executed.ipynb,2,scenario2-convenext-mae-perfect-prognosis,no-preupsample,1 dataset,ConvNeXt,mae,U10 (m/s),1.5819,1.2169,-0.0622,0.82,0.6595,-1.3988
sc2_covnext_mae_run2_executed.ipynb,2,scenario2-convenext-mae-perfect-prognosis,no-preupsample,1 dataset,ConvNeXt,mae,V10 (m/s),1.4817,1.1367,0.0125,0.79,0.6327,-1.3417
sc2_covnext_mae_run2_executed.ipynb,2,scenario2-convenext-mae-perfect-prognosis,no-preupsample,1 dataset,ConvNeXt,mae,T2m (K),0.9864,0.8085,0.1108,0.7247,0.561,-0.7582
sc2_covnext_mae_run2_executed.ipynb,2,scenario2-convenext-mae-perfect-prognosis,no-preupsample,1 dataset,ConvNeXt,mae,TP 24hr (mm),0.0088,0.0046,-0.0017,0.6383,0.0046,-0.9108
sc2_covnext_mae_run3_executed.ipynb,3,scenario2-convenext-mae-perfect-prognosis,no-preupsample,1 dataset,ConvNeXt,mae,U10 (m/s),1.5799,1.2158,-0.0487,0.8203,0.6595,-1.3958
sc2_covnext_mae_run3_executed.ipynb,3,scenario2-convenext-mae-perfect-prognosis,no-preupsample,1 dataset,ConvNeXt,mae,V10 (m/s),1.4807,1.136,0.0421,0.7902,0.6327,-1.3402
sc2_covnext_mae_run3_executed.ipynb,3,scenario2-convenext-mae-perfect-prognosis,no-preupsample,1 dataset,ConvNeXt,mae,T2m (K),0.986,0.8081,0.1333,0.7251,0.561,-0.7575
sc2_covnext_mae_run3_executed.ipynb,3,scenario2-convenext-mae-perfect-prognosis,no-preupsample,1 dataset,ConvNeXt,mae,TP 24hr (mm),0.0088,0.0046,-0.0016,0.6385,0.0046,-0.9084
sc2_covnext_mae_run4_executed.ipynb,4,scenario2-convenext-mae-perfect-prognosis,no-preupsample,1 dataset,ConvNeXt,mae,U10 (m/s),1.5808,1.2161,-0.0608,0.8202,0.6595,-1.3972
sc2_covnext_mae_run4_executed.ipynb,4,scenario2-convenext-mae-perfect-prognosis,no-preupsample,1 dataset,ConvNeXt,mae,V10 (m/s),1.4817,1.1367,0.0143,0.79,0.6327,-1.3417
sc2_covnext_mae_run4_executed.ipynb,4,scenario2-convenext-mae-perfect-prognosis,no-preupsample,1 dataset,ConvNeXt,mae,T2m (K),0.9863,0.8084,0.1105,0.725,0.561,-0.7579
sc2_covnext_mae_run4_executed.ipynb,4,scenario2-convenext-mae-perfect-prognosis,no-preupsample,1 dataset,ConvNeXt,mae,TP 24hr (mm),0.0088,0.0046,-0.0017,0.6381,0.0046,-0.9114
sc2_covnext_mae_run5_executed.ipynb,5,scenario2-convenext-mae-perfect-prognosis,no-preupsample,1 dataset,ConvNeXt,mae,U10 (m/s),1.5808,1.2162,-0.0619,0.8202,0.6595,-1.3972
sc2_covnext_mae_run5_executed.ipynb,5,scenario2-convenext-mae-perfect-prognosis,no-preupsample,1 dataset,ConvNeXt,mae,V10 (m/s),1.4815,1.1364,0.0162,0.79,0.6327,-1.3414
sc2_covnext_mae_run5_executed.ipynb,5,scenario2-convenext-mae-perfect-prognosis,no-preupsample,1 dataset,ConvNeXt,mae,T2m (K),0.9862,0.8083,0.1118,0.725,0.561,-0.7577
sc2_covnext_mae_run5_executed.ipynb,5,scenario2-convenext-mae-perfect-prognosis,no-preupsample,1 dataset,ConvNeXt,mae,TP 24hr (mm),0.0088,0.0046,-0.0017,0.6384,0.0046,-0.9106
sc2_dl4ds.ipynb,,scenario2-unet-mae-perfect-prognosis,no-preupsample,1 dataset,DL4DS,mae,U10 (m/s),0.5143,0.3764,0.0711,0.9633,0.6595,0.2201
sc2_dl4ds.ipynb,,scenario2-unet-mae-perfect-prognosis,no-preupsample,1 dataset,DL4DS,mae,V10 (m/s),0.5614,0.4163,-0.0756,0.9438,0.6327,0.1127
sc2_dl4ds.ipynb,,scenario2-unet-mae-perfect-prognosis,no-preupsample,1 dataset,DL4DS,mae,T2m (K),0.3433,0.2552,0.0513,0.953,0.561,0.3882
sc2_dl4ds.ipynb,,scenario2-unet-mae-perfect-prognosis,no-preupsample,1 dataset,DL4DS,mae,TP 24hr (mm),0.0045,0.0022,-0.0004,0.9056,0.0046,0.0272
sc2_gan_preupsample_run1_executed.ipynb,1,scenario2-gan-mae-preupsample-perfect-prognosis,preupsample,1 dataset,GAN,mae,U10 (m/s),0.6438,0.4815,-0.0081,0.9429,0.6595,0.0237
sc2_gan_preupsample_run1_executed.ipynb,1,scenario2-gan-mae-preupsample-perfect-prognosis,preupsample,1 dataset,GAN,mae,V10 (m/s),0.619,0.4635,-0.0019,0.936,0.6327,0.0217
sc2_gan_preupsample_run1_executed.ipynb,1,scenario2-gan-mae-preupsample-perfect-prognosis,preupsample,1 dataset,GAN,mae,T2m (K),0.526,0.42,0.0398,0.9313,0.561,0.0624
sc2_gan_preupsample_run1_executed.ipynb,1,scenario2-gan-mae-preupsample-perfect-prognosis,preupsample,1 dataset,GAN,mae,TP 24hr (mm),0.0045,0.0022,-0.0005,0.9041,0.0046,0.0124
sc2_gan_preupsample_run2_executed.ipynb,2,scenario2-gan-mae-preupsample-perfect-prognosis,preupsample,1 dataset,GAN,mae,U10 (m/s),0.6434,0.4812,-0.0084,0.9429,0.6595,0.0244
sc2_gan_preupsample_run2_executed.ipynb,2,scenario2-gan-mae-preupsample-perfect-prognosis,preupsample,1 dataset,GAN,mae,V10 (m/s),0.6188,0.4634,-0.0019,0.9359,0.6327,0.022
sc2_gan_preupsample_run2_executed.ipynb,2,scenario2-gan-mae-preupsample-perfect-prognosis,preupsample,1 dataset,GAN,mae,T2m (K),0.526,0.4198,0.0398,0.9312,0.561,0.0625
sc2_gan_preupsample_run2_executed.ipynb,2,scenario2-gan-mae-preupsample-perfect-prognosis,preupsample,1 dataset,GAN,mae,TP 24hr (mm),0.0045,0.0022,-0.0005,0.9041,0.0046,0.0124
sc2_gan_preupsample_run3_executed.ipynb,3,scenario2-gan-mae-preupsample-perfect-prognosis,preupsample,1 dataset,GAN,mae,U10 (m/s),0.6433,0.4811,-0.0083,0.9429,0.6595,0.0245
sc2_gan_preupsample_run3_executed.ipynb,3,scenario2-gan-mae-preupsample-perfect-prognosis,preupsample,1 dataset,GAN,mae,V10 (m/s),0.6188,0.4634,-0.0019,0.936,0.6327,0.0221
sc2_gan_preupsample_run3_executed.ipynb,3,scenario2-gan-mae-preupsample-perfect-prognosis,preupsample,1 dataset,GAN,mae,T2m (K),0.526,0.4198,0.0399,0.9313,0.561,0.0626
sc2_gan_preupsample_run3_executed.ipynb,3,scenario2-gan-mae-preupsample-perfect-prognosis,preupsample,1 dataset,GAN,mae,TP 24hr (mm),0.0045,0.0022,-0.0005,0.904,0.0046,0.012
sc2_gan_preupsample_run4_executed.ipynb,4,scenario2-gan-mae-preupsample-perfect-prognosis,preupsample,1 dataset,GAN,mae,U10 (m/s),0.6442,0.4818,-0.0085,0.9428,0.6595,0.0231
sc2_gan_preupsample_run4_executed.ipynb,4,scenario2-gan-mae-preupsample-perfect-prognosis,preupsample,1 dataset,GAN,mae,V10 (m/s),0.6195,0.4639,-0.002,0.9359,0.6327,0.021
sc2_gan_preupsample_run4_executed.ipynb,4,scenario2-gan-mae-preupsample-perfect-prognosis,preupsample,1 dataset,GAN,mae,T2m (K),0.5264,0.4202,0.0399,0.9313,0.561,0.0618
sc2_gan_preupsample_run4_executed.ipynb,4,scenario2-gan-mae-preupsample-perfect-prognosis,preupsample,1 dataset,GAN,mae,TP 24hr (mm),0.0045,0.0022,-0.0005,0.904,0.0046,0.0118
sc2_gan_run1_executed.ipynb,1,scenario2-gan-mae-perfect-prognosis,no-preupsample,1 dataset,GAN,mae,U10 (m/s),0.6442,0.4818,-0.0079,0.9428,0.6595,0.0231
sc2_gan_run1_executed.ipynb,1,scenario2-gan-mae-perfect-prognosis,no-preupsample,1 dataset,GAN,mae,V10 (m/s),0.6192,0.4636,-0.0018,0.9359,0.6327,0.0215
sc2_gan_run1_executed.ipynb,1,scenario2-gan-mae-perfect-prognosis,no-preupsample,1 dataset,GAN,mae,T2m (K),0.5258,0.4197,0.0399,0.9313,0.561,0.0628
sc2_gan_run1_executed.ipynb,1,scenario2-gan-mae-perfect-prognosis,no-preupsample,1 dataset,GAN,mae,TP 24hr (mm),0.0045,0.0022,-0.0005,0.904,0.0046,0.0122
sc2_gan_run2_executed.ipynb,2,scenario2-gan-mae-perfect-prognosis,no-preupsample,1 dataset,GAN,mae,U10 (m/s),0.6443,0.482,-0.0083,0.9428,0.6595,0.023
sc2_gan_run2_executed.ipynb,2,scenario2-gan-mae-perfect-prognosis,no-preupsample,1 dataset,GAN,mae,V10 (m/s),0.6192,0.4636,-0.002,0.9359,0.6327,0.0214
sc2_gan_run2_executed.ipynb,2,scenario2-gan-mae-perfect-prognosis,no-preupsample,1 dataset,GAN,mae,T2m (K),0.5262,0.42,0.0398,0.9312,0.561,0.0621
sc2_gan_run2_executed.ipynb,2,scenario2-gan-mae-perfect-prognosis,no-preupsample,1 dataset,GAN,mae,TP 24hr (mm),0.0045,0.0022,-0.0005,0.904,0.0046,0.012
sc2_gan_run3_executed.ipynb,3,scenario2-gan-mae-perfect-prognosis,no-preupsample,1 dataset,GAN,mae,U10 (m/s),0.6436,0.4812,-0.0083,0.9429,0.6595,0.0241
sc2_gan_run3_executed.ipynb,3,scenario2-gan-mae-perfect-prognosis,no-preupsample,1 dataset,GAN,mae,V10 (m/s),0.6189,0.4634,-0.002,0.936,0.6327,0.0218
sc2_gan_run3_executed.ipynb,3,scenario2-gan-mae-perfect-prognosis,no-preupsample,1 dataset,GAN,mae,T2m (K),0.5257,0.4195,0.0398,0.9314,0.561,0.0631
sc2_gan_run3_executed.ipynb,3,scenario2-gan-mae-perfect-prognosis,no-preupsample,1 dataset,GAN,mae,TP 24hr (mm),0.0045,0.0022,-0.0005,0.9041,0.0046,0.0124
sc2_gan_run4_executed.ipynb,4,scenario2-gan-mae-perfect-prognosis,no-preupsample,1 dataset,GAN,mae,U10 (m/s),0.6437,0.4815,-0.0084,0.9429,0.6595,0.0239
sc2_gan_run4_executed.ipynb,4,scenario2-gan-mae-perfect-prognosis,no-preupsample,1 dataset,GAN,mae,V10 (m/s),0.6188,0.4633,-0.0019,0.936,0.6327,0.022
sc2_gan_run4_executed.ipynb,4,scenario2-gan-mae-perfect-prognosis,no-preupsample,1 dataset,GAN,mae,T2m (K),0.5252,0.4191,0.0395,0.9313,0.561,0.0638
sc2_gan_run4_executed.ipynb,4,scenario2-gan-mae-perfect-prognosis,no-preupsample,1 dataset,GAN,mae,TP 24hr (mm),0.0045,0.0022,-0.0005,0.9041,0.0046,0.0124
sc2_gan_run5_executed.ipynb,5,scenario2-gan-mae-perfect-prognosis,no-preupsample,1 dataset,GAN,mae,U10 (m/s),0.6442,0.4818,-0.0084,0.9428,0.6595,0.0231
sc2_gan_run5_executed.ipynb,5,scenario2-gan-mae-perfect-prognosis,no-preupsample,1 dataset,GAN,mae,V10 (m/s),0.6192,0.4637,-0.0018,0.936,0.6327,0.0214
sc2_gan_run5_executed.ipynb,5,scenario2-gan-mae-perfect-prognosis,no-preupsample,1 dataset,GAN,mae,T2m (K),0.526,0.4198,0.0398,0.9313,0.561,0.0625
sc2_gan_run5_executed.ipynb,5,scenario2-gan-mae-perfect-prognosis,no-preupsample,1 dataset,GAN,mae,TP 24hr (mm),0.0045,0.0022,-0.0005,0.904,0.0046,0.012
sc2_qm.ipynb,,scenario2-quantile_mapping-perfect-prognosis,no-preupsample,1 dataset,Quantile Mapping,n/a,U10 (m/s),0.5966,0.4345,0.0113,0.939,0.6595,0.0953
sc2_qm.ipynb,,scenario2-quantile_mapping-perfect-prognosis,no-preupsample,1 dataset,Quantile Mapping,n/a,V10 (m/s),0.59,0.4313,0.0091,0.9332,0.6327,0.0676
sc2_qm.ipynb,,scenario2-quantile_mapping-perfect-prognosis,no-preupsample,1 dataset,Quantile Mapping,n/a,T2m (K),0.4195,0.3185,-0.0078,0.9286,0.561,0.2523
sc2_qm.ipynb,,scenario2-quantile_mapping-perfect-prognosis,no-preupsample,1 dataset,Quantile Mapping,n/a,TP 24hr (mm),0.0047,0.0023,-0.0001,0.8941,0.0046,-0.0269
sc2_resnet18_mae_preupsample_run1_executed.ipynb,1,scenario2-resnet18-mae-preupsample-perfect-prognosis,preupsample,1 dataset,ResNet18,mae,U10 (m/s),0.5554,0.4084,0.0929,0.9596,0.6595,0.1577
sc2_resnet18_mae_preupsample_run1_executed.ipynb,1,scenario2-resnet18-mae-preupsample-perfect-prognosis,preupsample,1 dataset,ResNet18,mae,V10 (m/s),0.5489,0.4079,0.0266,0.9529,0.6327,0.1325
sc2_resnet18_mae_preupsample_run1_executed.ipynb,1,scenario2-resnet18-mae-preupsample-perfect-prognosis,preupsample,1 dataset,ResNet18,mae,T2m (K),0.3857,0.2952,-0.0547,0.9451,0.561,0.3126
sc2_resnet18_mae_preupsample_run1_executed.ipynb,1,scenario2-resnet18-mae-preupsample-perfect-prognosis,preupsample,1 dataset,ResNet18,mae,TP 24hr (mm),0.0045,0.0022,-0.0004,0.9052,0.0046,0.016
sc2_resnet18_mae_preupsample_run2_executed.ipynb,2,scenario2-resnet18-mae-preupsample-perfect-prognosis,preupsample,1 dataset,ResNet18,mae,U10 (m/s),0.5326,0.3907,0.0206,0.9609,0.6595,0.1923
sc2_resnet18_mae_preupsample_run2_executed.ipynb,2,scenario2-resnet18-mae-preupsample-perfect-prognosis,preupsample,1 dataset,ResNet18,mae,V10 (m/s),0.5332,0.3933,0.0374,0.9539,0.6327,0.1573
sc2_resnet18_mae_preupsample_run2_executed.ipynb,2,scenario2-resnet18-mae-preupsample-perfect-prognosis,preupsample,1 dataset,ResNet18,mae,T2m (K),0.3889,0.2968,-0.0575,0.9439,0.561,0.3069
sc2_resnet18_mae_preupsample_run2_executed.ipynb,2,scenario2-resnet18-mae-preupsample-perfect-prognosis,preupsample,1 dataset,ResNet18,mae,TP 24hr (mm),0.0047,0.0023,-0.0008,0.9021,0.0046,-0.0106
sc2_resnet18_mae_preupsample_run3_executed.ipynb,3,scenario2-resnet18-mae-preupsample-perfect-prognosis,preupsample,1 dataset,ResNet18,mae,U10 (m/s),0.556,0.4087,0.0981,0.9597,0.6595,0.1568
sc2_resnet18_mae_preupsample_run3_executed.ipynb,3,scenario2-resnet18-mae-preupsample-perfect-prognosis,preupsample,1 dataset,ResNet18,mae,V10 (m/s),0.5486,0.4076,0.0263,0.953,0.6327,0.1329
sc2_resnet18_mae_preupsample_run3_executed.ipynb,3,scenario2-resnet18-mae-preupsample-perfect-prognosis,preupsample,1 dataset,ResNet18,mae,T2m (K),0.3856,0.2951,-0.0541,0.9451,0.561,0.3128
sc2_resnet18_mae_preupsample_run3_executed.ipynb,3,scenario2-resnet18-mae-preupsample-perfect-prognosis,preupsample,1 dataset,ResNet18,mae,TP 24hr (mm),0.0045,0.0022,-0.0004,0.9054,0.0046,0.019
sc2_resnet18_mae_preupsample_run4_executed.ipynb,4,scenario2-resnet18-mae-preupsample-perfect-prognosis,preupsample,1 dataset,ResNet18,mae,U10 (m/s),0.5553,0.4073,0.0901,0.9596,0.6595,0.158
sc2_resnet18_mae_preupsample_run4_executed.ipynb,4,scenario2-resnet18-mae-preupsample-perfect-prognosis,preupsample,1 dataset,ResNet18,mae,V10 (m/s),0.5499,0.4085,0.0369,0.953,0.6327,0.1309
sc2_resnet18_mae_preupsample_run4_executed.ipynb,4,scenario2-resnet18-mae-preupsample-perfect-prognosis,preupsample,1 dataset,ResNet18,mae,T2m (K),0.3844,0.294,-0.0392,0.945,0.561,0.3148
sc2_resnet18_mae_preupsample_run4_executed.ipynb,4,scenario2-resnet18-mae-preupsample-perfect-prognosis,preupsample,1 dataset,ResNet18,mae,TP 24hr (mm),0.0045,0.0022,-0.0003,0.9055,0.0046,0.0195
sc2_resnet18_mae_preupsample_run5_executed.ipynb,5,scenario2-resnet18-mae-preupsample-perfect-prognosis,preupsample,1 dataset,ResNet18,mae,U10 (m/s),0.5594,0.411,0.1074,0.9595,0.6595,0.1517
sc2_resnet18_mae_preupsample_run5_executed.ipynb,5,scenario2-resnet18-mae-preupsample-perfect-prognosis,preupsample,1 dataset,ResNet18,mae,V10 (m/s),0.5495,0.4084,0.0189,0.9528,0.6327,0.1316
sc2_resnet18_mae_preupsample_run5_executed.ipynb,5,scenario2-resnet18-mae-preupsample-perfect-prognosis,preupsample,1 dataset,ResNet18,mae,T2m (K),0.3853,0.2948,-0.0506,0.9451,0.561,0.3132
sc2_resnet18_mae_preupsample_run5_executed.ipynb,5,scenario2-resnet18-mae-preupsample-perfect-prognosis,preupsample,1 dataset,ResNet18,mae,TP 24hr (mm),0.0045,0.0022,-0.0004,0.9055,0.0046,0.0153
sc2_resnet18_mae_run1_executed.ipynb,1,scenario2-resnet18-mae-perfect-prognosis,no-preupsample,1 dataset,ResNet18,mae,U10 (m/s),1.2057,0.9216,-0.0898,0.8783,0.6595,-0.8283
sc2_resnet18_mae_run1_executed.ipynb,1,scenario2-resnet18-mae-perfect-prognosis,no-preupsample,1 dataset,ResNet18,mae,V10 (m/s),1.1446,0.8742,0.1163,0.8583,0.6327,-0.8089
sc2_resnet18_mae_run1_executed.ipynb,1,scenario2-resnet18-mae-perfect-prognosis,no-preupsample,1 dataset,ResNet18,mae,T2m (K),0.7497,0.6,0.0076,0.7974,0.561,-0.3363
sc2_resnet18_mae_run1_executed.ipynb,1,scenario2-resnet18-mae-perfect-prognosis,no-preupsample,1 dataset,ResNet18,mae,TP 24hr (mm),0.0074,0.0039,-0.0011,0.7471,0.0046,-0.6117
sc2_resnet18_mae_run2_executed.ipynb,2,scenario2-resnet18-mae-perfect-prognosis,no-preupsample,1 dataset,ResNet18,mae,U10 (m/s),1.1964,0.915,0.0383,0.8788,0.6595,-0.8143
sc2_resnet18_mae_run2_executed.ipynb,2,scenario2-resnet18-mae-perfect-prognosis,no-preupsample,1 dataset,ResNet18,mae,V10 (m/s),1.1275,0.8622,-0.0349,0.86,0.6327,-0.7819
sc2_resnet18_mae_run2_executed.ipynb,2,scenario2-resnet18-mae-perfect-prognosis,no-preupsample,1 dataset,ResNet18,mae,T2m (K),0.7435,0.5931,-0.0204,0.7974,0.561,-0.3252
sc2_resnet18_mae_run2_executed.ipynb,2,scenario2-resnet18-mae-perfect-prognosis,no-preupsample,1 dataset,ResNet18,mae,TP 24hr (mm),0.0074,0.004,-0.0012,0.7444,0.0046,-0.6155
sc2_resnet18_mae_run3_executed.ipynb,3,scenario2-resnet18-mae-perfect-prognosis,no-preupsample,1 dataset,ResNet18,mae,U10 (m/s),1.2058,0.9216,-0.1125,0.878,0.6595,-0.8285
sc2_resnet18_mae_run3_executed.ipynb,3,scenario2-resnet18-mae-perfect-prognosis,no-preupsample,1 dataset,ResNet18,mae,V10 (m/s),1.1394,0.8699,0.1071,0.8586,0.6327,-0.8007
sc2_resnet18_mae_run3_executed.ipynb,3,scenario2-resnet18-mae-perfect-prognosis,no-preupsample,1 dataset,ResNet18,mae,T2m (K),0.7524,0.6029,0.0348,0.7973,0.561,-0.3412
sc2_resnet18_mae_run3_executed.ipynb,3,scenario2-resnet18-mae-perfect-prognosis,no-preupsample,1 dataset,ResNet18,mae,TP 24hr (mm),0.0074,0.0039,-0.0012,0.7481,0.0046,-0.611
sc2_resnet18_mae_run4_executed.ipynb,4,scenario2-resnet18-mae-perfect-prognosis,no-preupsample,1 dataset,ResNet18,mae,U10 (m/s),1.1986,0.9166,-0.0811,0.8791,0.6595,-0.8176
sc2_resnet18_mae_run4_executed.ipynb,4,scenario2-resnet18-mae-perfect-prognosis,no-preupsample,1 dataset,ResNet18,mae,V10 (m/s),1.1331,0.8666,-0.0538,0.858,0.6327,-0.7907
sc2_resnet18_mae_run4_executed.ipynb,4,scenario2-resnet18-mae-perfect-prognosis,no-preupsample,1 dataset,ResNet18,mae,T2m (K),0.7443,0.5941,0.0043,0.7971,0.561,-0.3267
sc2_resnet18_mae_run4_executed.ipynb,4,scenario2-resnet18-mae-perfect-prognosis,no-preupsample,1 dataset,ResNet18,mae,TP 24hr (mm),0.0074,0.004,-0.0009,0.7464,0.0046,-0.6051
sc2_resnet18_mae_run5_executed.ipynb,5,scenario2-resnet18-mae-perfect-prognosis,no-preupsample,1 dataset,ResNet18,mae,U10 (m/s),1.2028,0.9199,-0.0773,0.878,0.6595,-0.8239
sc2_resnet18_mae_run5_executed.ipynb,5,scenario2-resnet18-mae-perfect-prognosis,no-preupsample,1 dataset,ResNet18,mae,V10 (m/s),1.1316,0.8662,-0.0614,0.8587,0.6327,-0.7884
sc2_resnet18_mae_run5_executed.ipynb,5,scenario2-resnet18-mae-perfect-prognosis,no-preupsample,1 dataset,ResNet18,mae,T2m (K),0.7455,0.5951,0.018,0.7959,0.561,-0.3287
sc2_resnet18_mae_run5_executed.ipynb,5,scenario2-resnet18-mae-perfect-prognosis,no-preupsample,1 dataset,ResNet18,mae,TP 24hr (mm),0.0074,0.004,-0.0008,0.7455,0.0046,-0.6051
sc2_unet_mae_preupsample_run1_executed.ipynb,1,scenario2-unet-mae-preupsample-perfect-prognosis,preupsample,1 dataset,Unet,mae,U10 (m/s),0.4822,0.3523,0.0294,0.9693,0.6595,0.2689
sc2_unet_mae_preupsample_run1_executed.ipynb,1,scenario2-unet-mae-preupsample-perfect-prognosis,preupsample,1 dataset,Unet,mae,V10 (m/s),0.4783,0.3516,0.0351,0.9631,0.6327,0.2441
sc2_unet_mae_preupsample_run1_executed.ipynb,1,scenario2-unet-mae-preupsample-perfect-prognosis,preupsample,1 dataset,Unet,mae,T2m (K),0.3475,0.262,0.0461,0.9536,0.561,0.3805
sc2_unet_mae_preupsample_run1_executed.ipynb,1,scenario2-unet-mae-preupsample-perfect-prognosis,preupsample,1 dataset,Unet,mae,TP 24hr (mm),0.0044,0.0021,-0.0004,0.9076,0.0046,0.0411
sc2_unet_mae_preupsample_run2_executed.ipynb,2,scenario2-unet-mae-preupsample-perfect-prognosis,preupsample,1 dataset,Unet,mae,U10 (m/s),0.4822,0.3523,0.0294,0.9693,0.6595,0.2689
sc2_unet_mae_preupsample_run2_executed.ipynb,2,scenario2-unet-mae-preupsample-perfect-prognosis,preupsample,1 dataset,Unet,mae,V10 (m/s),0.4783,0.3516,0.0351,0.9631,0.6327,0.2441
sc2_unet_mae_preupsample_run2_executed.ipynb,2,scenario2-unet-mae-preupsample-perfect-prognosis,preupsample,1 dataset,Unet,mae,T2m (K),0.3475,0.262,0.0461,0.9536,0.561,0.3805
sc2_unet_mae_preupsample_run2_executed.ipynb,2,scenario2-unet-mae-preupsample-perfect-prognosis,preupsample,1 dataset,Unet,mae,TP 24hr (mm),0.0044,0.0021,-0.0004,0.9076,0.0046,0.0411
sc2_unet_mae_preupsample_run3_executed.ipynb,3,scenario2-unet-mae-preupsample-perfect-prognosis,preupsample,1 dataset,Unet,mae,U10 (m/s),0.4822,0.3523,0.0294,0.9693,0.6595,0.2689
sc2_unet_mae_preupsample_run3_executed.ipynb,3,scenario2-unet-mae-preupsample-perfect-prognosis,preupsample,1 dataset,Unet,mae,V10 (m/s),0.4783,0.3516,0.0351,0.9631,0.6327,0.2441
sc2_unet_mae_preupsample_run3_executed.ipynb,3,scenario2-unet-mae-preupsample-perfect-prognosis,preupsample,1 dataset,Unet,mae,T2m (K),0.3475,0.262,0.0461,0.9536,0.561,0.3805
sc2_unet_mae_preupsample_run3_executed.ipynb,3,scenario2-unet-mae-preupsample-perfect-prognosis,preupsample,1 dataset,Unet,mae,TP 24hr (mm),0.0044,0.0021,-0.0004,0.9076,0.0046,0.0411
sc2_unet_mae_preupsample_run4_executed.ipynb,4,scenario2-unet-mae-preupsample-perfect-prognosis,preupsample,1 dataset,Unet,mae,U10 (m/s),0.4822,0.3523,0.0294,0.9693,0.6595,0.2689
sc2_unet_mae_preupsample_run4_executed.ipynb,4,scenario2-unet-mae-preupsample-perfect-prognosis,preupsample,1 dataset,Unet,mae,V10 (m/s),0.4783,0.3516,0.0351,0.9631,0.6327,0.2441
sc2_unet_mae_preupsample_run4_executed.ipynb,4,scenario2-unet-mae-preupsample-perfect-prognosis,preupsample,1 dataset,Unet,mae,T2m (K),0.3475,0.262,0.0461,0.9536,0.561,0.3805
sc2_unet_mae_preupsample_run4_executed.ipynb,4,scenario2-unet-mae-preupsample-perfect-prognosis,preupsample,1 dataset,Unet,mae,TP 24hr (mm),0.0044,0.0021,-0.0004,0.9076,0.0046,0.0411
sc2_unet_mae_preupsample_run5_executed.ipynb,5,scenario2-unet-mae-preupsample-perfect-prognosis,preupsample,1 dataset,Unet,mae,U10 (m/s),0.4822,0.3523,0.0294,0.9693,0.6595,0.2689
sc2_unet_mae_preupsample_run5_executed.ipynb,5,scenario2-unet-mae-preupsample-perfect-prognosis,preupsample,1 dataset,Unet,mae,V10 (m/s),0.4783,0.3516,0.0351,0.9631,0.6327,0.2441
sc2_unet_mae_preupsample_run5_executed.ipynb,5,scenario2-unet-mae-preupsample-perfect-prognosis,preupsample,1 dataset,Unet,mae,T2m (K),0.3475,0.262,0.0461,0.9536,0.561,0.3805
sc2_unet_mae_preupsample_run5_executed.ipynb,5,scenario2-unet-mae-preupsample-perfect-prognosis,preupsample,1 dataset,Unet,mae,TP 24hr (mm),0.0044,0.0021,-0.0004,0.9076,0.0046,0.0411
sc2_unet_mae_run1_executed.ipynb,1,scenario2-unet-mae-perfect-prognosis,no-preupsample,1 dataset,Unet,mae,U10 (m/s),0.6118,0.4594,0.0558,0.9494,0.6595,0.0723
sc2_unet_mae_run1_executed.ipynb,1,scenario2-unet-mae-perfect-prognosis,no-preupsample,1 dataset,Unet,mae,V10 (m/s),0.6035,0.4542,-0.0008,0.9409,0.6327,0.0462
sc2_unet_mae_run1_executed.ipynb,1,scenario2-unet-mae-perfect-prognosis,no-preupsample,1 dataset,Unet,mae,T2m (K),0.4521,0.3537,0.0225,0.9363,0.561,0.1941
sc2_unet_mae_run1_executed.ipynb,1,scenario2-unet-mae-perfect-prognosis,no-preupsample,1 dataset,Unet,mae,TP 24hr (mm),0.0047,0.0023,-0.0007,0.9018,0.0046,-0.0249
sc2_unet_mae_run2_executed.ipynb,2,scenario2-unet-mae-perfect-prognosis,no-preupsample,1 dataset,Unet,mae,U10 (m/s),0.594,0.4456,-0.0262,0.9505,0.6595,0.0993
sc2_unet_mae_run2_executed.ipynb,2,scenario2-unet-mae-perfect-prognosis,no-preupsample,1 dataset,Unet,mae,V10 (m/s),0.5856,0.4389,-0.0506,0.9432,0.6327,0.0744
sc2_unet_mae_run2_executed.ipynb,2,scenario2-unet-mae-perfect-prognosis,no-preupsample,1 dataset,Unet,mae,T2m (K),0.4303,0.3327,0.0078,0.9392,0.561,0.2331
sc2_unet_mae_run2_executed.ipynb,2,scenario2-unet-mae-perfect-prognosis,no-preupsample,1 dataset,Unet,mae,TP 24hr (mm),0.0047,0.0023,-0.0005,0.8986,0.0046,-0.0188
sc2_unet_mae_run3_executed.ipynb,3,scenario2-unet-mae-perfect-prognosis,no-preupsample,1 dataset,Unet,mae,U10 (m/s),0.5935,0.4452,-0.0355,0.9505,0.6595,0.1
sc2_unet_mae_run3_executed.ipynb,3,scenario2-unet-mae-perfect-prognosis,no-preupsample,1 dataset,Unet,mae,V10 (m/s),0.5864,0.4396,-0.0591,0.9432,0.6327,0.0732
sc2_unet_mae_run3_executed.ipynb,3,scenario2-unet-mae-perfect-prognosis,no-preupsample,1 dataset,Unet,mae,T2m (K),0.4309,0.3329,0.0161,0.9391,0.561,0.232
sc2_unet_mae_run3_executed.ipynb,3,scenario2-unet-mae-perfect-prognosis,no-preupsample,1 dataset,Unet,mae,TP 24hr (mm),0.0047,0.0023,-0.0004,0.8989,0.0046,-0.0172
sc2_unet_mae_run4_executed.ipynb,4,scenario2-unet-mae-perfect-prognosis,no-preupsample,1 dataset,Unet,mae,U10 (m/s),0.5924,0.4438,-0.0349,0.9505,0.6595,0.1017
sc2_unet_mae_run4_executed.ipynb,4,scenario2-unet-mae-perfect-prognosis,no-preupsample,1 dataset,Unet,mae,V10 (m/s),0.5864,0.4393,-0.0575,0.9432,0.6327,0.0732
sc2_unet_mae_run4_executed.ipynb,4,scenario2-unet-mae-perfect-prognosis,no-preupsample,1 dataset,Unet,mae,T2m (K),0.4288,0.3314,0.0113,0.9395,0.561,0.2357
sc2_unet_mae_run4_executed.ipynb,4,scenario2-unet-mae-perfect-prognosis,no-preupsample,1 dataset,Unet,mae,TP 24hr (mm),0.0047,0.0023,-0.0004,0.8988,0.0046,-0.0186
sc2_unet_mae_run5_executed.ipynb,5,scenario2-unet-mae-perfect-prognosis,no-preupsample,1 dataset,Unet,mae,U10 (m/s),0.6111,0.4589,0.0457,0.9493,0.6595,0.0733
sc2_unet_mae_run5_executed.ipynb,5,scenario2-unet-mae-perfect-prognosis,no-preupsample,1 dataset,Unet,mae,V10 (m/s),0.6043,0.4549,0.0002,0.941,0.6327,0.0449
sc2_unet_mae_run5_executed.ipynb,5,scenario2-unet-mae-perfect-prognosis,no-preupsample,1 dataset,Unet,mae,T2m (K),0.4496,0.3515,0.009,0.9367,0.561,0.1987
sc2_unet_mae_run5_executed.ipynb,5,scenario2-unet-mae-perfect-prognosis,no-preupsample,1 dataset,Unet,mae,TP 24hr (mm),0.0047,0.0023,-0.0007,0.902,0.0046,-0.0216
